source_user,day,total_logons,failed_logons,successful_logons,failure_rate,success_rate,unique_destinations,unique_source_computers,unique_logon_types,batch_or_rdp_logons,network_logons,unique_auth_types,kerberos_logons,ntlm_logons,active_hours,is_attack,if_score,if_prediction,shap_total_logons,shap_failed_logons,shap_failure_rate,shap_unique_destinations,shap_unique_source_computers,shap_unique_logon_types,shap_batch_or_rdp_logons,shap_network_logons,shap_unique_auth_types,shap_kerberos_logons,shap_ntlm_logons,shap_active_hours,shap_top_feature
ANONYMOUS LOGON@C2106,12,51,0,51,0.0,1.0,1,29,1,0,51,2,0,29,8.391666666666667,0,-0.0023606207395099,-1,-1.7671547606244726,0.01562706846417411,0.015120712768056823,-0.03789103492692142,-2.0346169116942625,0.10737821082473911,0.009036289615480177,-1.816555282726198,0.041693508444993956,-0.02742330804761768,-2.627910609054311,-0.5203614511668406,ntlm_logons
ANONYMOUS LOGON@C457,12,81,0,81,0.0,1.0,1,45,1,0,81,2,0,47,8.392777777777777,0,-0.0305342791019559,-1,-2.018577387099402,0.015022784793363261,0.014602639960499866,-0.03224169937808669,-1.9608985269090173,0.10391906871192882,0.008151243453129167,-2.0772551780121202,0.012312814315141812,-0.03163234080174026,-2.707060430474245,-0.5412186858398518,ntlm_logons
ANONYMOUS LOGON@C467,12,143,0,143,0.0,1.0,1,68,1,0,143,2,0,77,8.603333333333333,0,-0.0493946693220944,-1,-2.2755004173463775,0.01416715460975649,0.01419511963546404,-0.02724790600631117,-1.8966018934054218,0.10738981934996601,0.007537185587585185,-2.2530170932282467,-0.02908185332821414,-0.033327911450160355,-2.6309384763481805,-0.5832430875118944,ntlm_logons
ANONYMOUS LOGON@C528,12,93,0,93,0.0,1.0,1,46,1,0,93,2,0,49,8.525555555555556,0,-0.0375780314293047,-1,-2.1073748605505,0.01492651233536255,0.014430947538126999,-0.03258045822595068,-1.9438692739238332,0.10597047259060274,0.00807693335855453,-2.1439411336669294,0.0075642879113928365,-0.03209935724856108,-2.6686419982189786,-0.576907933407659,ntlm_logons
ANONYMOUS LOGON@C529,12,117,0,117,0.0,1.0,1,61,1,0,117,2,0,66,8.635277777777778,0,-0.0488797872974841,-1,-2.252158262308217,0.014201653785846806,0.014223312810136045,-0.03412923605132525,-1.9106080331862725,0.10741438964198192,0.007537185587585185,-2.240568753271101,-0.023184492159105664,-0.03328431017412546,-2.6418697266055435,-0.5832430875118944,ntlm_logons
ANONYMOUS LOGON@C586,12,1140,0,1140,0.0,1.0,1,651,1,0,1140,2,0,870,8.656944444444445,0,-0.0619655014416162,-1,-2.446208422189123,0.013916764235109649,0.014023552180407984,-0.032039189831335864,-1.8993950988275274,0.11265914775044382,0.007304085583144589,-2.3044931827121737,-0.05627683147058772,-0.032681051590057554,-2.6124543658688695,-0.592098690277369,ntlm_logons
ANONYMOUS LOGON@C612,12,143,0,143,0.0,1.0,1,63,1,0,143,2,0,85,8.565,0,-0.0493946693220944,-1,-2.2943083541222817,0.014218504063688651,0.01419511963546404,-0.028081005608862057,-1.8966018934054218,0.10739541339477733,0.007537185587585185,-2.253009945282099,-0.02908185332821414,-0.03322802063517781,-2.6309384763481805,-0.5637660333933123,ntlm_logons
ANONYMOUS LOGON@C625,12,99,0,99,0.0,1.0,1,47,1,0,99,2,0,55,8.563333333333333,0,-0.0408161783282106,-1,-2.1241401057493854,0.014870429670524448,0.014246963482225112,-0.033001070910304846,-1.929654433423263,0.10752433783368885,0.008060844284068067,-2.2005532981889058,-0.0005552622603282014,-0.032218316939548575,-2.665706945031541,-0.5770424966752019,ntlm_logons
C101$@DOM1,12,137,0,137,0.0,1.0,15,11,2,0,132,3,60,3,8.537777777777778,0,-0.0809493057775669,-1,-1.779900539277377,0.011268865536911941,0.011404751406309085,-1.2569338990247199,-1.237510245153794,-0.21592139071744304,0.007415134205517494,-1.7911454033739225,-0.5729565259621273,-1.713766502418105,-1.2989389661849289,-0.34897218739574515,network_logons
C104$@DOM1,12,393,3,390,0.0076335877862595,0.9923664122137404,15,15,2,0,318,2,159,0,8.655277777777778,0,-0.1014033727552138,-1,-1.9958874536857367,-1.2537337024231623,-0.09122841377570899,-1.3503232952057973,-1.43044909513277,-0.22465061864184943,0.006380637744146544,-1.8933735347485872,0.008973615188541024,-2.0328484471736052,0.06278340015477724,-0.3680812587992556,kerberos_logons
C1065$@DOM1,12,200,1,199,0.005,0.995,7,9,2,0,199,3,102,0,8.580833333333333,0,-0.0779428195501241,-1,-1.9740811499952526,-0.9935838627197996,-0.09150740709310172,-0.7835262430229585,-1.1039624404945547,-0.21001328103821323,0.00846256460172746,-1.9776678184257406,-0.6299370724247525,-2.046656263555323,0.0533960216644003,-0.38072467129804577,kerberos_logons
C1085$@DOM1,12,137,0,137,0.0,1.0,21,15,3,0,118,3,62,0,8.588888888888889,0,-0.0839289544801206,-1,-1.843200776343394,0.010805783505253956,0.011562140674015675,-1.4013578868446412,-1.3639062245647169,-1.1796358847204802,0.009877324402523717,-1.7578782204458303,-0.6528161757756442,-1.765089783036142,0.055807004499212505,-0.36556850606120767,total_logons
C1114$@DOM1,12,669,1,668,0.0014947683109118,0.9985052316890882,18,16,2,0,552,2,271,0,8.638333333333334,0,-0.0978346359071018,-1,-1.9908470730962344,-0.9743434268694435,-0.05698951713706923,-1.4081517932293888,-1.4400494560756085,-0.24715246560262194,0.00651595107730383,-1.9270939149293476,0.01604250807097087,-2.147838801848095,0.06368041175892791,-0.39121058861840324,kerberos_logons
C123$@DOM1,12,202,0,202,0.0,1.0,17,17,2,0,196,2,96,0,8.642777777777777,0,-0.081028765284288,-1,-2.1795968839354694,0.011347059056228365,0.012922372556200096,-1.5248792351706462,-1.6046209496233586,-0.25934568059290103,0.007755076699841002,-2.041525908932944,0.014340198862375333,-2.2789525203030783,0.0708553738064902,-0.4157370689217539,kerberos_logons
C1617$@DOM1,12,300,0,300,0.0,1.0,15,16,2,0,297,2,149,0,8.654166666666667,0,-0.0826397779801056,-1,-2.194765203452329,0.011391312036683553,0.012677810097277763,-1.480561502507441,-1.5709877738378186,-0.26561052380316996,0.007621518528041005,-2.082937417111203,0.004630664825689057,-2.311801103853693,0.07116488522384778,-0.41826083264490294,kerberos_logons
C1708$@DOM1,12,130,0,130,0.0,1.0,12,11,2,0,124,3,53,4,8.627777777777778,0,-0.0793417208528727,-1,-1.7659687178370154,0.011316919916502303,0.011518202308401764,-1.1267895011665265,-1.2050302337992163,-0.21738759225779464,0.007444623766176212,-1.7974161176426398,-0.5748141058412398,-1.7130394689726232,-1.4112389098904228,-0.3745520069430259,network_logons
C1737$@DOM1,12,39,0,39,0.0,1.0,13,11,3,0,34,3,15,0,8.138055555555555,0,-0.0115780424098267,-1,-1.3004613840627237,0.013339168927582766,0.013508096937188505,-1.537158397715101,-1.3920937218891012,-1.3595670231173473,0.011882350179484077,-1.1909203279159166,-0.6903129068005225,-1.1627539675196086,0.0665282043083309,-0.3045719409734743,unique_destinations
C1766$@DOM1,12,259,0,259,0.0,1.0,17,14,2,0,252,2,144,0,8.6425,0,-0.082371048731862,-1,-2.186330911446891,0.011373516576581932,0.012945105553831375,-1.5439622974635159,-1.5533880531342554,-0.2597008283586806,0.007621518528041005,-2.05608525406211,0.009797326934554356,-2.3106121888377706,0.07098410329854421,-0.41508020408734514,kerberos_logons
C1794$@DOM1,12,247,0,247,0.0,1.0,16,16,2,0,236,2,106,0,8.626388888888888,0,-0.0804924873021821,-1,-2.1933006816040512,0.011391312036683553,0.012892578512074777,-1.4893900246768645,-1.5926950359628989,-0.25884109718038345,0.007755076699841002,-2.050252997188932,0.01083135787002847,-2.288180755693824,0.07086807027892783,-0.41851596958962056,kerberos_logons
C1931$@DOM1,12,106,0,106,0.0,1.0,15,10,2,0,96,2,44,0,8.304722222222223,0,-0.0495454821632552,-1,-2.02333939633426,0.012852332366352968,0.01359410304978489,-1.5812551728301583,-1.4952294900328542,-0.27222004276842754,0.008318014743922332,-1.9885615836860158,0.04906585465875058,-2.020226973193231,0.07696223633208711,-0.3685570367524581,total_logons
C2092$@DOM1,12,82,0,82,0.0,1.0,13,9,2,0,68,2,34,0,8.216666666666667,0,-0.0275432661008805,-1,-1.9717938373378838,0.013486768378404365,0.013935183821521981,-1.6778605914749343,-1.4009559008948513,-0.2560665588043142,0.008812154009650085,-1.8024590219073906,0.06820512574297291,-1.8936050731072045,0.08053891513469183,-0.33744570951832675,total_logons
C2653$@DOM1,12,11,11,0,1.0,0.0,5,1,2,0,9,2,0,9,6.530833333333334,0,-0.0066548424923065,-1,-0.5705253871534695,-2.1998790508810955,-2.0351039225149252,-0.6578430995849623,-0.14367026372536323,-0.17341304680179903,0.00916350683029561,-0.5558241706163466,0.10616606931438721,-0.063739473381041,-2.4076625454830767,-0.03932440278731781,ntlm_logons
C3131$@DOM1,12,11,10,1,0.9090909090909092,0.0909090909090909,3,1,3,0,4,3,0,4,7.384444444444444,0,-0.0224102551153504,-1,-0.55089475081391,-2.003780926078119,-1.7797796382655837,0.0013588315656010712,-0.12629132288893719,-1.71292340424906,0.009843357202739596,-0.06458004166105022,-0.7079364178129718,-0.0582781900442904,-1.9141340704053467,-0.14484974116329996,failed_logons
C395$@DOM1,12,81,0,81,0.0,1.0,9,8,2,0,78,2,33,0,8.46888888888889,0,-0.0164241622335196,-1,-1.9792959014692486,0.014050992536468873,0.014342173328959056,-1.3401418162130236,-1.3199889921221888,-0.25167845113665993,0.009209828865869059,-1.9244040049158408,0.08476260038930675,-1.9542582790208094,0.0801637049468952,-0.36402105869727563,total_logons
C457$@DOM1,12,125,1,124,0.008,0.992,6,9,1,0,125,4,61,0,8.593055555555555,0,-0.0714035565060365,-1,-1.909216478751577,-1.0648168846462303,-0.08422334173258075,-0.7391885323518043,-1.1609803495944475,0.060330937568212256,0.0073879954755667375,-1.851883458579599,-0.9502544908782038,-1.9454237379229387,0.054774112727118796,-0.4234250100251289,kerberos_logons
C467$@DOM1,12,109,0,109,0.0,1.0,5,9,2,0,107,4,51,0,8.261944444444444,0,-0.0419380572316095,-1,-2.0428638124844984,0.012949009706170404,0.0129690493014842,-0.5111189308712493,-1.2643215150080378,-0.23902587561787866,0.009219900950299911,-2.0594959447127956,-1.023758138610353,-2.0383589204472496,0.06179328603755992,-0.3581709907365648,network_logons
C480$@DOM1,12,251,0,251,0.0,1.0,5,5,1,0,251,2,124,0,8.654722222222222,0,-0.0372742889028517,-1,-2.4774009393921737,0.013669090524097954,0.013664344822246372,-0.6187924137711107,-0.9286273014282206,0.05967403092912853,0.008386653840336123,-2.3221144900820523,0.033972483105167824,-2.7156746635146263,0.07680551644581757,-0.4920167055765034,kerberos_logons
C523$@DOM1,12,118,0,118,0.0,1.0,17,12,2,0,94,3,51,1,8.588611111111112,0,-0.0672008641945963,-1,-1.829660830011251,0.011636725391361423,0.012012122261002359,-1.407281427254843,-1.3375162200697994,-0.21750050622324144,0.008134220467962378,-1.7179178655063383,-0.5562442201461155,-1.7749462626904617,-0.7727464793406521,-0.3453709835215957,total_logons
C528$@DOM1,12,73,0,73,0.0,1.0,4,7,1,0,73,3,45,0,8.665277777777778,0,-0.0004663668510294,-1,-1.9896104179491414,0.014296780659885216,0.014346644614163908,-0.306512660814329,-1.1165803700988084,0.05972728740220308,0.009795225121850307,-1.9706436602158106,-0.7883386606472003,-2.1542873044963393,0.0675665747130004,-0.44356538622923186,kerberos_logons
C529$@DOM1,12,103,0,103,0.0,1.0,4,7,2,0,101,2,48,0,8.492777777777778,0,-0.0083805988404342,-1,-2.2794306397383464,0.014268069111337118,0.013807363598190642,-0.2696806056555903,-1.1723091547387139,-0.2387597461134971,0.009785711154663321,-2.2922912021966924,0.11706871150412664,-2.3758729453806002,0.08345102643122213,-0.3771490449839029,kerberos_logons
C538$@DOM1,12,375,0,375,0.0,1.0,19,15,2,0,364,2,183,0,8.655277777777778,0,-0.0847928878387822,-1,-2.1647000003966013,0.011373516576581932,0.012535973959250128,-1.5486207698834942,-1.572760193085817,-0.2689965860047047,0.007621518528041005,-2.0694217201599576,0.005422503794538675,-2.3285900649502325,0.07009793795831898,-0.4114002828349413,kerberos_logons
C553$@DOM1,12,113,0,113,0.0,1.0,14,10,3,0,105,4,50,2,8.606111111111112,0,-0.0868957902631708,-1,-1.5958924525483926,0.01093348803744683,0.010753768813965489,-1.1542075882092941,-1.1254516796663252,-1.0973976466573239,0.008448398239624384,-1.5681870943355218,-0.7723214015895107,-1.5771283812648598,-1.0830196095090665,-0.35293100602179955,total_logons
C567$@DOM1,12,381,0,381,0.0,1.0,19,18,2,0,376,2,182,0,8.629166666666666,0,-0.0856018075106523,-1,-2.163989887491345,0.011321587991965526,0.012535973959250128,-1.5323467074976698,-1.634557316922923,-0.26877685665848405,0.007604875134932187,-2.0604667561857797,0.00857678059905675,-2.308420044780945,0.06994791884389767,-0.4138677334909732,kerberos_logons
C585$@DOM1,12,407,0,407,0.0,1.0,7,6,2,0,405,2,197,0,8.530555555555555,0,-0.048527724457239,-1,-2.312849333111447,0.012730862002516,0.013619424943798761,-0.9147364140570877,-0.939784169300883,-0.24229668732490575,0.008633480882374337,-2.3135981369031384,0.05664248368527373,-2.6094308631472,0.07547736957706368,-0.4032357417358945,kerberos_logons
C586$@DOM1,12,135,1,134,0.0074074074074074,0.9925925925925926,6,12,1,0,135,3,62,0,8.390277777777778,0,-0.0695567325811572,-1,-1.895061892563216,-1.0805072852457425,-0.08453312655705977,-0.7334975829108191,-1.3462972992474331,0.05278065925355087,0.007973901120906639,-1.8933671962383296,-0.7003038783926356,-1.9466484954381962,0.05507034446856481,-0.40763702733107643,kerberos_logons
C599$@DOM1,12,414,0,414,0.0,1.0,16,15,2,0,359,2,184,0,8.662777777777778,0,-0.0842540639642228,-1,-2.1821450879659645,0.011391312036683553,0.012540999824775679,-1.4860364511592798,-1.575427547746145,-0.26806332070416045,0.007621518528041005,-2.0794476070958825,0.005332132023942135,-2.3462013542306575,0.07031831128401665,-0.4173210712943885,kerberos_logons
C612$@DOM1,12,109,0,109,0.0,1.0,6,9,1,0,109,3,48,0,8.600555555555555,0,-0.0303960399822031,-1,-2.020725466909213,0.013724890140291995,0.01384655847105542,-0.767026340534617,-1.3156091947461586,0.060195151678925515,0.009513074419003115,-2.041351859205045,-0.7595008960726674,-2.0071707635614313,0.06645699304960291,-0.464475440695429,network_logons
C625$@DOM1,12,83,0,83,0.0,1.0,5,8,1,0,83,2,50,0,8.483611111111111,0,-0.0076397075963883,-1,-2.1461805551337454,0.014744850231309713,0.013753624196963323,-0.6277728351168983,-1.3696136941147596,0.0628793980959431,0.00933300447077469,-2.0787119401783465,0.07988893551454289,-2.356286843664049,0.07968652791829382,-0.43362130537448235,kerberos_logons
C743$@DOM1,12,411,0,411,0.0,1.0,4,5,1,0,411,2,208,0,8.578333333333333,0,-0.0369013484106856,-1,-2.5702215384221327,0.013786182210667424,0.013720283568953448,-0.31726557806145633,-0.957164730764821,0.06516047042799868,0.00835508756370784,-2.3983972096137673,0.04007993136513723,-2.8355726913146464,0.07773484338216169,-0.4813096905267678,kerberos_logons
C988$@DOM1,12,103,1,102,0.0097087378640776,0.9902912621359224,19,10,3,0,76,4,36,1,8.435,0,-0.0877068452108849,-1,-1.4830662075851757,-0.8829162262732493,-0.12047194814898214,-1.2501690956831826,-1.0839513190741683,-1.0834587615604572,0.007357756865918797,-1.3734141218323317,-0.728476447181609,-1.3407525280607457,-0.6558744641486727,-0.31620784202839347,total_logons
U10107@DOM1,12,121,0,121,0.0,1.0,1,1,1,0,121,2,66,0,8.654444444444444,0,-0.0102375564168606,-1,-2.661234417913119,0.015468508124197164,0.015090788787981077,-0.05328718934338245,-0.02902578898554649,0.0848094616873771,0.007819434114936403,-2.6049401294185355,-0.033311640459587906,-2.908546250461626,0.08524596046757069,-0.7232587038407993,kerberos_logons
U1025@DOM1,12,61,0,61,0.0,1.0,17,16,3,0,39,3,17,0,23.223333333333333,1,-0.0518363880554199,-1,-1.443226246659301,0.011654757975900815,0.012224468473434886,-1.455046764963325,-1.4834296065760966,-1.2242494609945327,0.010705285766711575,-1.1911002704281013,-0.6598506445334997,-1.200695330436853,0.06142733826838865,-1.0714138578110566,unique_source_computers
U1025@DOM1,13,86,0,86,0.0,1.0,22,18,4,1,53,4,26,1,23.20583333333333,1,-0.0917578933265031,-1,-1.4130944760684874,0.010914226097810712,0.010158142015317187,-1.2802848854850024,-1.3275782535665794,-1.1084288669729663,-0.46029671176149567,-1.1698138872895503,-0.7411881382638597,-1.2528518299775941,-0.6977731669265378,-0.9558581195517986,total_logons
U1025@DOM1,14,53,0,53,0.0,1.0,12,10,3,0,32,4,7,4,21.566666666666663,1,-0.0505167113770295,-1,-1.3140571206514875,0.012280673543958624,0.011717168673818066,-1.1494987463066917,-1.1810502977407509,-1.171259556327125,0.010818381637288722,-1.0256695150460204,-0.8657261636363298,-0.569088772590697,-1.4268059910729536,-0.939098226982018,ntlm_logons
U1106@DOM1,12,61,0,61,0.0,1.0,14,9,3,0,38,2,19,0,22.33944444444445,1,-0.0302274071324385,-1,-1.538472103806766,0.013189150204388147,0.013324642375370191,-1.5635214447739123,-1.2299849098971032,-1.3539469600678786,0.010837841993266163,-1.2318771655980139,0.0469907863900419,-1.3944951616855745,0.07668051111684608,-1.057490229867883,unique_destinations
U1106@DOM1,13,79,0,79,0.0,1.0,19,11,3,0,48,2,24,0,22.641666666666666,1,-0.0512064052467884,-1,-1.6614521740939727,0.012211552604535306,0.012914288022825559,-1.5320487610291114,-1.3268954690870454,-1.3343818756793175,0.010531647518569661,-1.3754796153191156,0.034931779694948324,-1.474213722883258,0.07391896324375222,-1.060839679231603,total_logons
U1106@DOM1,14,60,0,60,0.0,1.0,15,11,3,0,31,2,8,0,23.006666666666668,1,-0.0215379549682449,-1,-1.711490952507082,0.0137064881266249,0.01406993409002558,-1.6241308718436007,-1.4337277009895797,-1.4134906313688718,0.011787379248250872,-1.1912976004913114,0.08182687285755601,-0.6902109848534229,0.0818185981108478,-1.173537993201593,total_logons
U1133@DOM1,12,92,2,90,0.0217391304347826,0.9782608695652174,16,12,2,0,68,2,0,34,6.176944444444445,1,-0.0762532149646547,-1,-1.787725329419818,-1.330752236477867,-0.1947390375831807,-1.4475148399785218,-1.2898361049961533,-0.2593679483600746,0.006618067094558475,-1.584713284896975,0.028804269453716343,-0.008745740562738889,-2.155910878897713,-0.07426615287648144,ntlm_logons
U1133@DOM1,13,53,0,53,0.0,1.0,9,6,2,0,43,2,0,21,14.336666666666666,1,-0.0069696309533986,-1,-1.6385631885575687,0.014908855266746875,0.014541505521412347,-1.2747260162530858,-0.8912726721744553,-0.27104473561910725,0.009302620737182733,-1.5083104066033568,0.09973350482061888,-0.030315357785340395,-2.425736362942781,-0.8366473914417115,ntlm_logons
U1145@DOM1,12,74,0,74,0.0,1.0,14,10,3,0,52,2,26,0,22.164166666666667,1,-0.0506902978410296,-1,-1.6497218417333905,0.012231955055310533,0.012838071764460168,-1.4382599983772013,-1.3265478075506412,-1.3309019434054536,0.010647912105355492,-1.3776404444228882,0.03303657147330844,-1.6065424436697402,0.07331568000134751,-1.023258777479255,total_logons
U1145@DOM1,13,63,0,63,0.0,1.0,18,13,3,0,46,2,22,0,18.15055555555556,1,-0.0403738821027782,-1,-1.560089054328242,0.012610433482204905,0.013038514054011546,-1.5419616962553775,-1.432462370884663,-1.30712408454853,0.01056415115357949,-1.3901373082807762,0.050567047943644465,-1.402722632152045,0.07473553193690516,-0.9365001221786129,total_logons
U1145@DOM1,14,63,0,63,0.0,1.0,16,13,2,0,47,2,20,0,23.20027777777777,1,-0.0296538454765659,-1,-1.6904146483854894,0.013150156711377129,0.013774946771427,-1.6241497880803974,-1.5917125140689667,-0.2545244488591855,0.009191236890440404,-1.5267843735687494,0.07104963165735384,-1.5127737813097901,0.0794704448709309,-1.1836139590166632,total_logons
U114@DOM1,12,92,0,92,0.0,1.0,18,13,3,0,58,3,7,15,23.38055555555556,1,-0.0774703245424104,-1,-1.5346072825210784,0.011837566474309398,0.011001604050401093,-1.2570419835569855,-1.2062226723736629,-1.1227443864224165,0.009376867332987508,-1.2752635091977187,-0.585960199353029,-0.5417072561288505,-1.6544245114476828,-0.9752011452157091,ntlm_logons
U114@DOM1,14,60,0,60,0.0,1.0,11,9,3,0,51,3,6,18,19.308333333333334,1,-0.0552168621247339,-1,-1.3561332205695111,0.01246583565640858,0.012445746948892809,-1.123438415130126,-1.0662624340105593,-1.18660961753933,0.010917141148633652,-1.2621849391576874,-0.5816015790685353,-0.48234247212434633,-1.780791663306903,-0.8947436080294454,ntlm_logons
U1289@DOM1,12,71,0,71,0.0,1.0,14,11,2,0,47,3,18,3,21.343333333333334,1,-0.0518672269909913,-1,-1.5083168390722133,0.012081121177468512,0.01192862629370543,-1.33664677859286,-1.2655549227295952,-0.21228931188885142,0.008540405267659024,-1.3366485734509512,-0.5757858337991564,-1.1798842722106067,-1.3412592207484402,-0.9097615546926545,total_logons
U1289@DOM1,13,55,0,55,0.0,1.0,13,10,2,0,41,2,19,0,19.55583333333333,1,-0.0148843822243387,-1,-1.6707586205882183,0.013554444135847428,0.014320374154822712,-1.637877869641921,-1.5205907555587905,-0.23381562992369406,0.009583310419224377,-1.459713670143951,0.07323105125174326,-1.5218562420276964,0.08213905409282779,-1.0481927886449753,total_logons
U1289@DOM1,14,74,0,74,0.0,1.0,12,10,3,0,60,2,26,0,23.377777777777776,1,-0.0540512462260446,-1,-1.6392972091561453,0.012241080314461536,0.012896288397368188,-1.2966437943762774,-1.3138057209931888,-1.3355896548325124,0.010408152979612416,-1.5064838051191651,0.013353622596263787,-1.5963572451246424,0.07135437388522894,-1.1078791548097962,total_logons
U12@DOM1,12,95,0,95,0.0,1.0,10,12,2,0,91,3,11,35,23.45722222222222,1,-0.0814858929413842,-1,-1.6339154769793522,0.012062682401003572,0.011528886133744448,-1.0572118014300567,-1.213499130666055,-0.25375632568946693,0.007090713108262523,-1.602939743099181,-0.6022573230995413,-0.8745565464486063,-1.9558338432489073,-1.0326689993412714,ntlm_logons
U12@DOM1,13,64,0,64,0.0,1.0,11,15,2,0,61,3,13,15,23.66055555555556,1,-0.0676519414844701,-1,-1.4103562165500487,0.011992270070936941,0.011736980849797837,-1.1070631076529214,-1.44834638952148,-0.2241982616474912,0.00799263299827587,-1.4246545980326306,-0.6049114213920953,-0.9536305971430191,-1.7592586499828244,-1.0352595503559299,ntlm_logons
U12@DOM1,14,41,0,41,0.0,1.0,9,11,2,0,39,3,8,14,22.192222222222224,1,-0.0307977194939751,-1,-1.222049499061114,0.01302006704162081,0.012764667782256073,-1.097497098073901,-1.3089527237150018,-0.22075880708256984,0.0089621888426475,-1.2865050926244688,-0.6398745351970406,-0.6479806888394232,-1.8218361947067723,-1.009411780152697,ntlm_logons
U13@DOM1,12,64,0,64,0.0,1.0,9,6,2,0,60,3,12,26,23.044444444444444,1,-0.0459622252686897,-1,-1.466586488659208,0.012801004347136847,0.012638117456973207,-1.0593131378561134,-0.7630072108003803,-0.22848553368284985,0.0083547494529602,-1.4506819985265993,-0.5987583418425948,-0.9312909345122259,-2.037949871020051,-1.0165968954007674,ntlm_logons
U13@DOM1,13,77,0,77,0.0,1.0,9,10,2,0,69,3,6,29,22.72055555555556,1,-0.0617484565654968,-1,-1.5954127507651925,0.012967652810516801,0.011981290140973504,-1.080849532580688,-1.2587178473573417,-0.2597777680265737,0.008588817354766923,-1.539119170461346,-0.6387723318409579,-0.5183059799097189,-1.9618411253878814,-1.0043384084230533,ntlm_logons
U13@DOM1,14,59,0,59,0.0,1.0,6,6,2,0,55,3,3,24,23.131666666666668,1,-0.0244066040011337,-1,-1.5545046339102524,0.014113716691562743,0.013716197907588306,-0.7187737604479423,-0.8290092283460182,-0.24945011145859486,0.010131006568550456,-1.5417717816930565,-0.670752841352917,-0.19894129519226683,-2.270557830676687,-1.0965754668994625,ntlm_logons
U1450@DOM1,12,66,0,66,0.0,1.0,11,11,2,0,57,2,30,0,22.682222222222222,1,-0.0319041027180905,-1,-1.7024966461497923,0.012905375339345803,0.013711636695792189,-1.3451502889401934,-1.4711778607625146,-0.26408768316643283,0.009018809753197908,-1.6288995286842907,0.03916582407248325,-1.8271648235824889,0.07658628897133972,-1.1545329396914163,kerberos_logons
U1450@DOM1,13,67,0,67,0.0,1.0,11,9,2,0,60,3,29,1,23.54722222222222,1,-0.0419614005760409,-1,-1.4438259456838156,0.01230071872953735,0.01259966104622949,-1.1894978076452427,-1.1630398029048203,-0.2082432621539372,0.008358042064429852,-1.5143753674169553,-0.583763738287291,-1.517510612953488,-0.7820961458035611,-1.0715463169964883,kerberos_logons
U1450@DOM1,14,67,0,67,0.0,1.0,11,10,2,0,60,2,25,0,23.584444444444443,1,-0.0307905766970872,-1,-1.705499624972894,0.012957708743503129,0.013897069194286002,-1.3880429856493324,-1.481008386289694,-0.2504400799068801,0.009149868778745223,-1.6956925451763947,0.04716160610586661,-1.678412609506225,0.07755833359231283,-1.1816056973880689,total_logons
U1480@DOM1,13,62,1,61,0.0161290322580645,0.9838709677419356,16,9,2,0,39,3,16,5,23.3075,1,-0.0669373043950828,-1,-1.2894498079198085,-0.9489177280349332,-0.15792105248084518,-1.3024470473823477,-1.0223384292906703,-0.1970951514561335,0.0074378828488437165,-1.0785756281324697,-0.5364325807928861,-1.0275130967612902,-1.4032325231136704,-0.9659155668929262,ntlm_logons
U1480@DOM1,14,91,0,91,0.0,1.0,16,12,2,0,78,2,48,0,22.897222222222226,1,-0.0622113464993946,-1,-1.8761599249038605,0.01247938385827232,0.012990422000725787,-1.536436321613482,-1.4575039242880508,-0.28381124393827345,0.00778922136591803,-1.7481448049193373,0.03379841827617681,-1.977009616795637,0.07408294007446037,-1.0945127156159216,kerberos_logons
U14@DOM1,12,146,0,146,0.0,1.0,7,6,1,0,146,3,14,64,8.655555555555555,0,-0.0552681400575706,-1,-1.9218318574776474,0.01244467268864264,0.013077736395442928,-0.788233466900589,-0.8223777391838138,0.06046564686916498,0.007861364483548908,-1.8569004645232108,-0.6477459416135668,-1.086347875149225,-2.2458773375023484,-0.4238019530451811,ntlm_logons
U1506@DOM1,12,73,0,73,0.0,1.0,13,12,2,0,62,3,26,1,20.96361111111111,1,-0.0555305335387004,-1,-1.5550133124889842,0.012142403644050696,0.01197869948641914,-1.3585611881929238,-1.3429823314577762,-0.22211151903207016,0.00847458975358756,-1.4967602193194052,-0.5831365160902453,-1.4766198261699262,-0.782255930886233,-0.9194766573457186,total_logons
U1506@DOM1,13,94,0,94,0.0,1.0,19,12,2,0,74,3,24,10,23.273611111111112,1,-0.0809493057775671,-1,-1.5786056250917428,0.011545720969559279,0.011176689358165614,-1.333999825779126,-1.230396552944747,-0.2365081524212648,0.006937334629515897,-1.4913475452331302,-0.5775219559517314,-1.2634000150944278,-1.5200129419679895,-0.9838240388325128,total_logons
U1569@DOM1,12,71,0,71,0.0,1.0,4,3,2,0,67,3,32,1,23.82333333333333,1,-0.0175780375263031,-1,-1.8242315053134597,0.013589318687551649,0.01372641513048376,-0.2536611506803516,-0.12017409669962216,-0.25780554014337703,0.007963717307693711,-1.8998281795564917,-0.649506689369327,-1.866116459310098,-0.8965257054153352,-1.2220879057001266,network_logons
U1592@DOM1,12,67,1,66,0.0149253731343283,0.9850746268656716,15,15,2,0,61,3,22,1,22.95083333333333,1,-0.0732012801289312,-1,-1.3292452245862778,-0.9635580969487318,-0.14567163349422496,-1.2777059749785913,-1.3974467697919937,-0.1939582888027911,0.0074095939747049885,-1.3618479233963128,-0.5538650110745776,-1.172593594188983,-0.70669540605021,-0.9456247369007933,unique_source_computers
U1592@DOM1,13,91,0,91,0.0,1.0,17,18,2,0,78,3,31,2,22.99861111111111,1,-0.0833668095949227,-1,-1.5891019248099876,0.011444828627696373,0.010871031861602017,-1.3020024750445993,-1.4882092499625759,-0.23575500564204568,0.006976433795727045,-1.5435741416979707,-0.5666424740862375,-1.3910692545978787,-1.156445124448765,-0.9874495523544008,total_logons
U1592@DOM1,14,42,0,42,0.0,1.0,15,14,2,0,35,2,13,0,22.85111111111112,1,-0.0128653956053855,-1,-1.4799843031619289,0.013233225120039119,0.014309957173216406,-1.6758247465904523,-1.7771246435356545,-0.2500855617222953,0.009365134035147297,-1.3858637434705603,0.07957813391906225,-1.2666984312936658,0.08020999064689945,-1.2199744488474775,unique_source_computers
U162@DOM1,12,50,0,50,0.0,1.0,16,12,2,0,40,3,13,1,23.8725,1,-0.0322147260665125,-1,-1.3545598593351054,0.012876283124774755,0.01265511546996613,-1.4566255887840696,-1.422740170206789,-0.20167741749312185,0.00850074581881311,-1.285996266607545,-0.6031260919086752,-1.016031937603613,-0.7901167162323843,-1.1514513296725384,unique_destinations
U162@DOM1,13,60,0,60,0.0,1.0,14,14,3,0,49,2,21,0,23.56138888888889,1,-0.0493334949786455,-1,-1.5058129797065818,0.011996534423385975,0.01274905434727221,-1.4727186288378173,-1.5448031139156504,-1.30071328627746,0.010493103274815422,-1.3773760182069636,0.02932098431667946,-1.3930736859380382,0.07210487612927297,-1.1266484296668207,unique_source_computers
U162@DOM1,14,90,0,90,0.0,1.0,21,19,3,0,72,3,28,0,22.87833333333333,1,-0.0809493057775671,-1,-1.6350367130195522,0.01099985625454664,0.011405105302485377,-1.3888998252389806,-1.4578512767528553,-1.1920728230760314,0.009446945311313454,-1.5282248389950588,-0.6570988440171659,-1.3949538556472147,0.05645868599630937,-1.0201293244772325,total_logons
U1653@DOM1,12,72,0,72,0.0,1.0,28,46,2,0,39,3,1,16,15.611944444444443,1,-0.0612091198187843,-1,-1.6591311350627613,0.01306533545486932,0.012628256162632995,-1.5531456037089115,-1.7112903210846062,-0.26569418961194907,0.008730513619265384,-1.3113490331696382,-0.6647856770014843,0.03284358935653273,-1.9217466651823485,-0.7934144336315481,ntlm_logons
U1653@DOM1,13,57,0,57,0.0,1.0,24,34,2,0,27,3,2,10,14.248333333333331,1,-0.0446921322678315,-1,-1.5519325563887432,0.01321627761606556,0.012742954361652566,-1.5466335000772231,-1.7538349351294353,-0.2521346340055984,0.00884896819873738,-1.193503570552026,-0.6634862363054609,-0.05878204980958239,-1.7967972640155045,-0.7117882158174301,ntlm_logons
U1653@DOM1,14,71,0,71,0.0,1.0,22,27,2,0,25,3,6,6,17.93861111111111,1,-0.0545776060134843,-1,-1.6703930567558705,0.012755237509717627,0.012135520481904768,-1.4720215267244305,-1.6365769450628702,-0.23893308253574472,0.009068812013742562,-1.0408836383917908,-0.6282928412195491,-0.5182499696930474,-1.6683517913739765,-0.846213626607518,total_logons
U1723@DOM1,12,124,0,124,0.0,1.0,32,37,3,0,83,3,27,11,20.86805555555556,1,-0.099672977025997,-1,-1.5573519073475872,0.010529732934784182,0.010213989794572146,-1.1887251833770696,-1.3321798259735662,-1.0610653208123495,0.008054215922713392,-1.4162346663070255,-0.5394018961695213,-1.2484227149333977,-1.415798265960575,-0.8005750661304029,total_logons
U1723@DOM1,13,33,0,33,0.0,1.0,18,14,3,0,25,3,8,2,12.893611111111111,1,-0.0266913663399043,-1,-1.0486998031350572,0.012388993851849108,0.012039783770478717,-1.413948047693288,-1.4486256120392587,-1.2143311938188484,0.010990377929125533,-1.0008812071378559,-0.5828645004368572,-0.5778391777419718,-1.2484845674944485,-0.6379150385306731,unique_source_computers
U1723@DOM1,14,43,0,43,0.0,1.0,15,10,2,0,32,3,11,3,9.625555555555556,1,-0.0121581435246539,-1,-1.232202292202627,0.013153646310898734,0.013146737060796344,-1.4244404372670005,-1.3778757544532596,-0.19568575020013987,0.009722736670739945,-1.209146688936535,-0.6177228783824213,-0.917560464670198,-1.4506711970896589,-0.455146374368481,ntlm_logons
U207@DOM1,13,54,0,54,0.0,1.0,12,12,2,0,46,2,18,0,23.9525,1,-0.0206780153568624,-1,-1.5920258707390147,0.013581436265338913,0.014254335778222235,-1.49055041472109,-1.570666616596409,-0.23817774688914006,0.009260578796342792,-1.552216970733432,0.06492458216002103,-1.502387954556028,0.07957523307205742,-1.2529076882245778,total_logons
U207@DOM1,14,102,0,102,0.0,1.0,18,20,2,0,75,2,37,0,23.566388888888888,1,-0.0714310574183457,-1,-1.9510289205978895,0.011861755286733068,0.01267964424680651,-1.5230312534248873,-1.7162837341032524,-0.3007095527583772,0.007632119930294626,-1.7394718431232512,0.022194408818272844,-1.7569499156711978,0.07220444101326816,-1.146535316115525,total_logons
U218@DOM1,12,89,0,89,0.0,1.0,15,11,3,0,66,3,30,1,20.947777777777777,1,-0.0691493678063273,-1,-1.5022094881126211,0.011672981501213991,0.011117876077858607,-1.247195886161929,-1.1693226536836516,-1.1476258027544106,0.009669264049136293,-1.3972743840685895,-0.5440572471884314,-1.3893628167170615,-0.7290780134486985,-0.8706556375920399,total_logons
U218@DOM1,14,62,0,62,0.0,1.0,14,9,2,0,42,2,24,0,22.39027777777778,1,-0.0190404978174871,-1,-1.6958924030715892,0.013357486481200073,0.014008090399486726,-1.663818433486171,-1.3422153160616725,-0.23403443163198964,0.009389627904488301,-1.4943974350613762,0.07465418921583211,-1.6356654234378742,0.0830525572544415,-1.1126993045388733,total_logons
U2231@DOM1,12,66,0,66,0.0,1.0,12,9,4,1,43,4,16,3,22.587222222222223,1,-0.074883420610161,-1,-1.285218371919534,0.01148965807247482,0.01120993155834709,-1.112352935729465,-1.0083958807641624,-1.1597138358281092,-0.4781882816292517,-1.0992896027628918,-0.7773445577650554,-0.9686613547534643,-1.2339905578114474,-0.9719823771664508,total_logons
U2231@DOM1,14,83,0,83,0.0,1.0,14,12,3,0,50,3,21,3,21.72972222222222,1,-0.0700288979409391,-1,-1.4524881839057806,0.011646809717552414,0.011002081979981471,-1.238005785439999,-1.1944602051802906,-1.1035059445553181,0.009648077197402927,-1.2173944788804825,-0.5458894769643935,-1.142265877030787,-1.2520247176061055,-0.8672192076912123,total_logons
U227@DOM1,14,58,0,58,0.0,1.0,8,8,3,1,32,1,0,0,23.00027777777778,1,-0.0129314433505218,-1,-1.7508455280999324,0.014410200638111482,0.014852283979003738,-1.2223623136471848,-1.2438695780076667,-1.4834915464793255,-0.5838961106782782,-1.281010290866955,-0.11553846959078884,0.005932520707510427,0.07600563491603993,-1.2903931549536396,total_logons
U22@DOM1,12,1073,58,1015,0.054054054054054,0.945945945945946,14,16,2,0,985,2,491,0,8.671666666666667,0,-0.1063706824895064,-1,-1.973662510207101,-1.385660513230331,-0.1989014668303515,-1.3306969535976558,-1.3898133725398105,-0.22739052236260676,0.006158438603320017,-1.852390972064247,0.010084578230476485,-2.006886182668911,0.06240011049186501,-0.3656788003236566,kerberos_logons
U24@DOM1,12,69,0,69,0.0,1.0,13,9,4,12,38,3,21,0,22.34611111111111,1,-0.0702853099957433,-1,-1.511838370211016,0.011651073735131034,0.011896524253241426,-1.3656156847059344,-1.0882870805675888,-1.2396765577539757,-0.9568456654627705,-1.1025666016715348,-0.6263821199940414,-1.1927226931747121,0.06041474925987298,-0.9858306399454657,total_logons
U24@DOM1,13,75,0,75,0.0,1.0,13,13,3,10,41,3,16,0,23.55388888888889,1,-0.0761281214568334,-1,-1.5362966865999979,0.011673224806675004,0.011481558552952603,-1.371975725505441,-1.2818408362323723,-1.1915450562322043,-0.9252248603472762,-1.1560117134338181,-0.6241692471292658,-1.0292758621856521,0.059319559248157565,-1.0619374211805446,total_logons
U24@DOM1,14,56,0,56,0.0,1.0,15,12,4,7,31,3,13,0,21.739166666666662,1,-0.0576184955833878,-1,-1.4113154564309078,0.012276671432590558,0.01176336821383144,-1.3825699607706614,-1.2917997087704784,-1.2350611679303483,-0.8938245325542302,-1.0299416955715017,-0.659180443319377,-0.9593365733102943,0.06180942361923265,-0.9673015146657554,total_logons
U2575@DOM1,12,36,0,36,0.0,1.0,11,9,2,0,34,3,18,1,22.926944444444445,1,-0.0082668548858523,-1,-1.1258506019056003,0.01289408208282279,0.013672085728128627,-1.2549201818502478,-1.2050850590912352,-0.18724749013612477,0.007967018526497562,-1.2185106975408344,-0.5962232371637725,-1.3034358276632954,-0.8113266399121936,-1.0967115887545313,kerberos_logons
U2575@DOM1,13,74,0,74,0.0,1.0,13,11,2,0,62,3,32,1,23.711111111111112,1,-0.0572271128096184,-1,-1.5278830539457262,0.012064308820895613,0.011905214549440943,-1.347166619411699,-1.276545838777612,-0.2285424030737699,0.0083381062817001,-1.479128357666721,-0.5844886030750324,-1.499639827237863,-0.772817959341254,-1.0530570213086552,total_logons
U2575@DOM1,14,90,0,90,0.0,1.0,16,15,2,0,79,3,31,6,23.105833333333333,1,-0.0868717795620669,-1,-1.5488677172343344,0.011351819099969955,0.010777089078635416,-1.2567468737785124,-1.3615331917302789,-0.24459496817323503,0.006833928895010174,-1.5239045361632166,-0.5737407266044453,-1.3762214150666476,-1.467244924067773,-0.9720653926145992,total_logons
U2758@DOM1,12,52,0,52,0.0,1.0,17,11,4,1,25,2,14,0,9.196944444444444,1,-0.0252523426963789,-1,-1.4991481238899826,0.013237100338933576,0.013360007983809206,-1.6657338703425748,-1.425429060742516,-1.3921005321947417,-0.61714899208313,-1.0221105900606533,0.06878671309398966,-1.1804135443846286,0.07576649439062089,-0.47840949063395954,unique_destinations
U2758@DOM1,13,102,0,102,0.0,1.0,13,9,2,0,87,3,37,1,9.268611111111111,1,-0.0503931220348852,-1,-1.7596724803109907,0.012206585326944769,0.012527025253472964,-1.3722788171030118,-1.1780484355122252,-0.22213236562798,0.008334001814427854,-1.7588502509355277,-0.5626547294512914,-1.547734081898729,-0.780665889649009,-0.4560725346371266,total_logons
U292@DOM1,12,227,0,227,0.0,1.0,30,19,3,0,9,2,3,0,8.59388888888889,0,-0.0097321121559037,-1,-2.6243076861295185,0.01413917037220248,0.01453935704812597,-1.8833832714187815,-1.9094686706243387,-1.5263236933118192,0.011321559469273943,-0.44085563296772645,0.09619743441977877,-0.2429140388648616,0.08696807719325217,-0.3907334223806413,total_logons
U3005@DOM1,12,60,0,60,0.0,1.0,19,17,3,0,45,2,10,0,17.072777777777777,1,-0.0324322080285457,-1,-1.615652325482687,0.01266260097839368,0.013793846229903955,-1.6369270004403835,-1.6876252627578159,-1.3351171409358802,0.010750613443599072,-1.3668196252961216,0.0761838143166207,-0.9070164610001977,0.07728169015750265,-0.8941273339026755,unique_source_computers
U3005@DOM1,13,77,0,77,0.0,1.0,19,16,2,0,56,3,27,2,23.316388888888888,1,-0.0678448810316406,-1,-1.4875626320486086,0.011575292998454672,0.011199633101145122,-1.3501639908528045,-1.4244609139518534,-0.2265749700352875,0.008082318665603572,-1.3490425723140949,-0.5645493032777423,-1.3862990252347525,-1.173284378700047,-1.0085341679611823,total_logons
U3005@DOM1,14,63,0,63,0.0,1.0,14,11,3,0,52,2,27,0,23.469722222222224,1,-0.0483041618971994,-1,-1.5203552685716724,0.012313768967323844,0.012751777586588122,-1.4335665347508217,-1.3217961517917078,-1.3247911498524796,0.010544713320143229,-1.3739154217995513,0.031842263327698024,-1.6140926306524588,0.07386445033969857,-1.11728140618066,kerberos_logons
U3206@DOM1,12,67,0,67,0.0,1.0,12,7,3,0,39,2,16,0,11.693055555555556,1,-0.0096596603358489,-1,-1.6970667804682598,0.013650864434205661,0.014027659753283576,-1.4874240306119082,-1.0400539558552522,-1.4354524074323884,0.010945146849652471,-1.3112558128709055,0.0941765245123959,-1.3131069941780387,0.07630403242922676,-0.7180809931126382,total_logons
U3206@DOM1,13,57,0,57,0.0,1.0,12,7,3,0,36,3,14,1,11.008888888888889,1,-0.0084867411146489,-1,-1.361365651743672,0.012943252711167015,0.01332027811600012,-1.2741778660429115,-0.8986908235579706,-1.2487393049341242,0.01086043963469291,-1.1261139373196578,-0.5289855760836593,-1.0357197075906064,-0.7616651012363372,-0.5709564397104565,total_logons
U3206@DOM1,14,76,0,76,0.0,1.0,13,10,3,0,54,2,24,0,11.025555555555556,1,-0.0427351251842216,-1,-1.7086038609686791,0.012495878092338205,0.013328039721909136,-1.5137101605823264,-1.3900584772647286,-1.3478271955559626,0.010658100969780893,-1.461743379866502,0.04984348542040643,-1.574365818919038,0.07509087744296176,-0.620910554728953,total_logons
U342@DOM1,12,84,0,84,0.0,1.0,16,22,2,0,72,2,40,0,22.934444444444445,1,-0.065097215628362,-1,-1.8631698088036583,0.012079143547558312,0.012785492222322413,-1.499503231474458,-1.7234072400290898,-0.28360669360226254,0.008320670585158507,-1.74693437950467,0.028588804036105402,-1.8163479278796508,0.07350806722763095,-1.0897510628239933,total_logons
U342@DOM1,13,66,0,66,0.0,1.0,15,18,3,0,53,2,25,0,22.814722222222223,1,-0.0552792668519326,-1,-1.5456989935702885,0.01167884898153039,0.012488400608658119,-1.4271070227781886,-1.5964251461152799,-1.2846029169499396,0.01040147340670009,-1.384962782590246,0.025555407882355895,-1.501798465347842,0.07184037692650748,-1.0908507705118704,unique_source_computers
U342@DOM1,14,50,0,50,0.0,1.0,18,15,3,0,38,3,19,0,23.497777777777777,1,-0.047456972898504,-1,-1.3516815359947945,0.011592325110917482,0.01227154120526487,-1.4204776481654173,-1.469624772936,-1.2267387943486439,0.010709425912468304,-1.1736503616414975,-0.6753539062468787,-1.2514037079287368,0.060726333939337455,-1.074369230824348,unique_source_computers
U3486@DOM1,12,129,0,129,0.0,1.0,18,8,2,0,25,2,14,0,22.389166666666668,1,-0.0125578379373165,-1,-2.2964047612371337,0.013291218462477723,0.014181827225779906,-1.702904733315567,-1.2575598052730108,-0.2678177374930664,0.008519484634557256,-1.1463177875405264,0.10716970727248527,-1.2755156915443682,0.08337076303244682,-1.1325982688203236,total_logons
U34@DOM1,12,172,0,172,0.0,1.0,4,4,1,0,172,2,93,0,8.61111111111111,0,-0.0201464341754171,-1,-2.624680715792079,0.01395944576866149,0.01426050555995862,-0.3190050788155687,-0.6163449919880579,0.0654780107941763,0.008726419440732066,-2.4163745899916944,0.06752723178133926,-2.789599776609625,0.07980853447038781,-0.49036276783826077,kerberos_logons
U3549@DOM1,12,71,0,71,0.0,1.0,16,14,2,0,52,2,28,0,22.830277777777777,1,-0.0459510493688866,-1,-1.8074668315452143,0.012241994410791239,0.013247071543559143,-1.5626974864329601,-1.6549586056746135,-0.2776501980824733,0.008938975187204705,-1.5298556476584684,0.05057662301709378,-1.7298576992987937,0.0767514090157697,-1.1179281770504983,total_logons
U3549@DOM1,13,63,0,63,0.0,1.0,13,13,2,0,51,3,21,4,15.990833333333333,1,-0.0540592184708631,-1,-1.4293438336100044,0.012180183929048419,0.011709453147403933,-1.331857070905045,-1.3474330840878466,-0.20490333785172254,0.008338304592675864,-1.3578229549901442,-0.5658509725430282,-1.2138417443155356,-1.5083668061454922,-0.7487650455797311,ntlm_logons
U3549@DOM1,14,66,0,66,0.0,1.0,15,12,2,0,48,3,23,3,15.980555555555556,1,-0.0512143478802218,-1,-1.4313591585435932,0.01215594563112381,0.011850568423742124,-1.3543310127555976,-1.331407513167791,-0.1959429896454998,0.008323356008345785,-1.3503349447198065,-0.5627678278476985,-1.2664199927863522,-1.39149474316467,-0.7692285957916282,total_logons
U3575@DOM1,12,72,0,72,0.0,1.0,12,8,3,1,32,3,11,2,8.564722222222223,1,-0.0340670458505532,-1,-1.5361306312416136,0.012580730866985405,0.01239257945796768,-1.178563315872416,-1.0191967320067963,-1.1501171338582001,-0.5454094754573033,-1.0204980512090602,-0.5670480167467123,-0.821494770951222,-1.1633674429927994,-0.30818905710404504,total_logons
U3575@DOM1,13,81,0,81,0.0,1.0,11,8,3,1,33,3,14,2,9.616666666666667,1,-0.0373084113191256,-1,-1.5313398947715278,0.012230761738458728,0.012239426879164884,-1.0819929557135404,-0.9911023022018339,-1.1498504209985765,-0.5329666391870662,-1.001915198270109,-0.5391695831351738,-0.9693806202637397,-1.1524582758485962,-0.42342189450820195,total_logons
U3635@DOM1,13,82,1,81,0.0121951219512195,0.9878048780487804,23,18,3,0,57,3,30,2,17.580277777777777,1,-0.0935906881249648,-1,-1.3247236199561927,-0.873282468621219,-0.13267082277806463,-1.1839594737303538,-1.2751335138595574,-1.0052771999336056,0.008331653069381275,-1.1772206822191489,-0.48527019188132425,-1.2276744742557786,-1.001544450492878,-0.7413408597920962,total_logons
U3635@DOM1,14,88,0,88,0.0,1.0,23,24,2,0,59,2,21,0,23.08388888888889,1,-0.0534221687894581,-1,-1.9190893099147606,0.01233847425288353,0.013240295188552917,-1.6258786558668108,-1.793098951665228,-0.26981284453344434,0.00863192141713991,-1.6514755673183228,0.042003951844407514,-1.4659700229885273,0.07625734169748914,-1.0908052046819807,total_logons
U4112@DOM1,12,84,0,84,0.0,1.0,13,9,4,0,57,4,26,1,7.969444444444444,1,-0.0589359854698039,-1,-1.5734646447771028,0.011974150159396917,0.01195405682142979,-1.3035768156115997,-1.1067910886871892,-1.2153969593194365,0.009558595290303307,-1.3503603760090106,-0.817816720463529,-1.4003062989317134,-0.7650868466984789,-0.2704531562239163,total_logons
U4112@DOM1,13,64,0,64,0.0,1.0,11,8,3,0,32,3,16,0,7.990555555555556,1,-0.0019932851765591,-1,-1.6293993145178063,0.013351517184807598,0.014219272268270989,-1.296437639671726,-1.1722617755210933,-1.3520968730323468,0.01254168629745501,-1.1589192510487833,-0.682483806864508,-1.1935645564374877,0.06700344474413804,-0.25740670185703907,total_logons
U415@DOM1,12,122,1,121,0.0081967213114754,0.9918032786885246,17,15,2,0,101,3,39,4,16.067777777777778,1,-0.1003036277907661,-1,-1.583389923421531,-0.8747636035568189,-0.08049047983720221,-1.1765793916477136,-1.2736878131012532,-0.21716840753475725,0.006430800580151442,-1.5161643140262235,-0.5222927091991149,-1.3311173527489537,-1.282352612282465,-0.6908623597231057,total_logons
U415@DOM1,13,76,0,76,0.0,1.0,10,8,3,1,65,3,26,2,16.331666666666667,1,-0.0681714095705364,-1,-1.4062633969654887,0.011454978239842427,0.011316769833316701,-0.9931660393375897,-0.9466703850260102,-1.101629269882017,-0.5147272759325723,-1.3248090940024813,-0.5385082549751041,-1.3395713467092067,-1.0989299112930064,-0.704299840188475,total_logons
U4448@DOM1,12,101,2,99,0.0198019801980198,0.9801980198019802,19,17,4,1,76,3,26,2,21.2525,1,-0.1155563493526828,-1,-1.3466162852189132,-0.9935643211635641,-0.13808200071902849,-1.1308024916343682,-1.1535319190932731,-1.0231335443092289,-0.4505800883006687,-1.2734418248699846,-0.4885616633441087,-1.1276649643302343,-0.9390062740498417,-0.7524527894657833,total_logons
U4448@DOM1,13,56,0,56,0.0,1.0,14,12,4,1,39,3,18,1,21.7775,1,-0.059980152972659,-1,-1.229210273863956,0.011808128342029427,0.011093614833246975,-1.2989988070035385,-1.2174714581656025,-1.1396234288501104,-0.5264230708355967,-1.0806408811341899,-0.5402919687375939,-1.1538633616085245,-0.7153316075056547,-0.9108213770403648,unique_destinations
U4448@DOM1,14,43,0,43,0.0,1.0,15,13,3,0,32,2,17,0,23.56111111111111,1,-0.0322745542077275,-1,-1.3227865263718286,0.013195852472550621,0.013206317224316649,-1.566904711510497,-1.4554899458053887,-1.3817629716491,0.010798570819986095,-1.173316574417859,0.051168253831948875,-1.3572469420038742,0.07439224634544153,-1.1547351589935952,unique_destinations
U453@DOM1,12,61,0,61,0.0,1.0,15,10,3,1,59,4,44,1,19.749166666666667,1,-0.0821024103775091,-1,-1.227398369539125,0.011218046913271147,0.010877313012067414,-1.2231288502181685,-1.125082826182493,-1.0953433985109675,-0.4840308100335794,-1.3038466220577476,-0.7806052790794085,-1.4705310075289604,-0.709881707675034,-0.8096846555988595,kerberos_logons
U453@DOM1,13,81,0,81,0.0,1.0,13,11,3,0,77,3,21,17,18.02138888888889,1,-0.0806811483077827,-1,-1.3909352214402375,0.011634744872786807,0.011055759319184604,-1.1908452981855704,-1.0958089324192466,-1.1143199662390846,0.00941428118510738,-1.381910242339252,-0.5381682650284833,-1.126281743424217,-1.612882456136599,-0.7619095685238245,ntlm_logons
U453@DOM1,14,58,0,58,0.0,1.0,8,8,2,0,56,3,20,5,21.57611111111111,1,-0.0341113663573068,-1,-1.3969934165042013,0.012549862637753977,0.01276577785041974,-0.9391464081123727,-1.0395006956597024,-0.204635018829188,0.009105912994741196,-1.407441418722964,-0.583456822907039,-1.256298425016006,-1.569609759223546,-0.9232590597774679,ntlm_logons
U48@DOM1,12,116,0,116,0.0,1.0,1,1,1,0,116,2,53,0,8.599722222222223,0,-0.0070688692867323,-1,-2.690245814717589,0.0154695828596469,0.015224997453709106,-0.05268491818929256,-0.031606007063429004,0.08645460518393872,0.007868200890397253,-2.635771665353361,-0.032800082080910495,-2.7758916942353022,0.08563273644629082,-0.7318199084346285,kerberos_logons
U5254@DOM1,13,93,0,93,0.0,1.0,6,5,2,0,91,2,39,0,23.558055555555555,1,-0.0165988992064979,-1,-2.016431386691038,0.013793212263392361,0.01423622075661835,-0.7687782589878648,-0.8149907919094896,-0.2426742327873384,0.008966176122943507,-2.0529012320939968,0.08902315401304618,-1.974324864584424,0.08138933518143453,-1.272112276616523,network_logons
U5418@DOM1,12,47,7,40,0.1489361702127659,0.851063829787234,3,4,1,0,47,3,7,16,7.728611111111111,0,-0.0370055096321478,-1,-1.4482478849757432,-1.6836432158056398,-0.5929711065523532,-0.021343450581975898,-0.5160633393161969,0.058126172702903225,0.007791332674816587,-1.489567095975731,-0.6907982117157286,-0.6498689038463464,-2.100572137465975,-0.21599272658677107,ntlm_logons
U63@DOM1,12,151,0,151,0.0,1.0,5,5,3,9,126,3,66,0,8.545555555555556,0,-0.0677980095645455,-1,-1.9526232303238933,0.01167887541784358,0.011586367375844528,-0.47790404166644807,-0.6678338747716999,-1.235993614224995,-0.8909865934089567,-1.8202381846094673,-0.665025732737749,-1.9413421548092742,0.06183622586368657,-0.371880232731339,total_logons
U655@DOM1,12,68,0,68,0.0,1.0,18,13,2,0,42,3,12,3,22.31055555555556,1,-0.0538001561951124,-1,-1.479171497943504,0.01240880561561968,0.011926701202926753,-1.4053003824727277,-1.3924338504779086,-0.22567274012608016,0.008389522846946102,-1.297508689919747,-0.5953588110146325,-0.9180355710127145,-1.392578538604737,-0.9976218564528734,total_logons
U655@DOM1,13,61,0,61,0.0,1.0,14,10,3,0,42,3,12,3,22.731944444444444,1,-0.0610871304248138,-1,-1.29467147618145,0.01201887344515969,0.011481107088198316,-1.2716216315825017,-1.206177184800223,-1.1459657426860288,0.009868594425119673,-1.1662968268145382,-0.5646031682598909,-0.8657199888995579,-1.313361373240631,-1.015908090853096,ntlm_logons
U655@DOM1,14,71,0,71,0.0,1.0,18,13,2,0,40,3,20,2,23.05444444444445,1,-0.0537306285018963,-1,-1.5364099931889057,0.012066237659621911,0.011753490822715304,-1.3791908320835176,-1.3594355875665707,-0.21172872988622013,0.00827486192732972,-1.239633331138962,-0.5664600510204337,-1.2037285932916117,-1.195118834898065,-1.0100033469465484,total_logons
U6691@DOM1,12,46,0,46,0.0,1.0,12,9,3,0,30,2,16,0,20.098333333333333,1,-0.0158087741070218,-1,-1.467989466526225,0.01354593322015744,0.014077681802025808,-1.4862991967446606,-1.259544127233144,-1.401256444539095,0.011073682553034625,-1.1635155589626607,0.05294146406155024,-1.2590271362577001,0.07650818838755476,-1.0492800633780561,unique_destinations
U6691@DOM1,14,112,0,112,0.0,1.0,9,5,4,1,91,3,31,18,16.613333333333333,1,-0.0896587431535088,-1,-1.5293423271859066,0.01101630560431102,0.010885498609227226,-0.8666662123117926,-0.5882061305356249,-1.1720407314179682,-0.5027999870687022,-1.49169007981973,-0.5382950612269729,-1.3199963748533334,-1.6245845391859253,-0.7357185271065866,ntlm_logons
U6764@DOM1,12,99,0,99,0.0,1.0,8,7,2,0,84,3,39,1,7.813888888888889,1,-0.0287065040890697,-1,-1.8191479920825921,0.012927958069911595,0.013296489398159408,-0.9802287974364088,-0.9840205466779507,-0.22059231570663956,0.009098011966972918,-1.896952044703424,-0.5669526037961159,-1.6647347418170966,-0.819013217041475,-0.2621225919949485,network_logons
U6@DOM1,12,92,0,92,0.0,1.0,10,10,2,0,91,2,44,0,8.610555555555555,0,-0.0405833741048524,-1,-1.9557430640159135,0.013300388566449547,0.013932768181539287,-1.3455445148816259,-1.5181221250500978,-0.2547887898324523,0.008708952799452009,-2.0314428168301477,0.05409396641171143,-2.069215950737763,0.07659509044790569,-0.4053710595055662,kerberos_logons
U737@DOM1,12,94,0,94,0.0,1.0,37,27,5,1,45,4,16,4,21.06861111111111,1,-0.0986567981000182,-1,-1.4590587871643383,0.01088070599231161,0.01001830042018497,-1.2475483082908054,-1.335887439836024,-1.1179621780872493,-0.494638236411335,-1.100146124803045,-0.7442414422259294,-0.9220427571529208,-1.29955009563034,-0.8122618033095095,total_logons
U737@DOM1,13,53,0,53,0.0,1.0,20,17,2,0,45,3,19,5,17.37527777777778,1,-0.057435015358767,-1,-1.315742133783531,0.011866015999006312,0.011847284714587137,-1.3822146042705308,-1.4896547890441765,-0.21187325455237938,0.00828961730806153,-1.2807231409636421,-0.5814666544621029,-1.1790140947007441,-1.5228324584085762,-0.8094386961953906,ntlm_logons
U737@DOM1,14,53,0,53,0.0,1.0,24,21,2,0,27,2,13,0,18.569166666666668,1,-0.0161754880481054,-1,-1.7262494721988753,0.013359755789874915,0.014196482892009418,-1.7316182290939288,-1.910013105147214,-0.2359258532695463,0.009562386486715318,-1.2384747263025613,0.0863497775869895,-1.2433597704743067,0.0813496172384859,-1.0453885329727326,unique_source_computers
U7507@DOM1,12,94,5,89,0.0531914893617021,0.946808510638298,20,10,4,1,62,3,18,17,10.510555555555555,1,-0.1144374659194149,-1,-1.313621957993029,-1.1348942544163627,-0.184416487964216,-1.1679721335790327,-0.9662883988775807,-1.0574233152008472,-0.465415413690755,-1.170318673219047,-0.49172562844809287,-0.9668316378452737,-1.468134639711778,-0.410395625552976,ntlm_logons
U7507@DOM1,13,54,0,54,0.0,1.0,9,6,3,0,32,3,16,2,9.318333333333332,1,-0.0024189551516317,-1,-1.3254047770354358,0.013307744489943875,0.013160039335379493,-1.0303856259031656,-0.8019394000688834,-1.2223713706056694,0.011753290591035038,-1.0452043193623162,-0.5347301425433427,-1.0870985723202973,-1.2253498427474407,-0.4100017105429012,total_logons
U7594@DOM1,12,72,0,72,0.0,1.0,11,9,3,0,48,2,18,0,22.061666666666667,1,-0.0360908105854761,-1,-1.6934750786762067,0.01272088742331802,0.013457488856944486,-1.32429025375901,-1.236562732668736,-1.3626249846454934,0.010813083907442178,-1.4007414906195277,0.0414401780290714,-1.3903056245214511,0.07394736009233219,-1.0694653532167941,total_logons
U7594@DOM1,14,65,0,65,0.0,1.0,8,6,3,0,46,2,25,0,21.93861111111111,1,-0.0166661685357123,-1,-1.6050601052642466,0.01308026470818782,0.013642357969834937,-1.0522014369536508,-0.8904637317306517,-1.3963149883832338,0.011694589813360717,-1.4181240724772926,0.07163164771274906,-1.6317245615221994,0.07627586993218971,-1.1286055736118752,kerberos_logons
U78@DOM1,12,75,0,75,0.0,1.0,8,6,3,11,35,3,15,0,22.72305555555556,1,-0.0397524499122853,-1,-1.621301415093023,0.012466654192602204,0.012800196782652321,-0.9807554771132984,-0.792533439948661,-1.2649128690110385,-0.9767147846364372,-1.0751908611433965,-0.6309954088652395,-1.0515369383473439,0.06156336540781311,-1.0901555519520545,total_logons
U78@DOM1,13,67,0,67,0.0,1.0,6,4,3,7,22,3,12,0,22.099444444444444,1,-0.0085924722717998,-1,-1.6451046175825939,0.013935994915851813,0.013908448956407181,-0.717335351230134,-0.43884685652758115,-1.3477353132580427,-0.9592560618956806,-1.0065403550903542,-0.7057121263573379,-0.954190287746495,0.07069911482330546,-1.0952822525835484,total_logons
U78@DOM1,14,58,0,58,0.0,1.0,7,5,3,8,13,3,7,0,22.865,1,-0.0062046040174853,-1,-1.5968339778766936,0.013748372653688999,0.013878106906730555,-0.952155093974055,-0.7256844446563514,-1.3856053508432113,-0.9956109672876516,-0.6320836983207443,-0.7189816796341733,-0.6513035433568498,0.06797979338530608,-1.1597388843830885,total_logons
U7@DOM1,12,176,0,176,0.0,1.0,13,11,3,0,165,3,74,0,8.6375,0,-0.0833907149333523,-1,-1.8902080174577365,0.011156985811415193,0.011761531873064635,-1.295679725779035,-1.2118375440199107,-1.2008693350850694,0.009918454640524807,-1.795298065083887,-0.6509431214717007,-1.876917403057685,0.05644708600177404,-0.39893205108280666,total_logons
U825@DOM1,13,59,0,59,0.0,1.0,12,10,2,0,53,2,27,0,22.08222222222222,1,-0.0242871232228142,-1,-1.6365916004937047,0.013217177795761396,0.013918293321998424,-1.4294616690447874,-1.482465663207236,-0.2585755659921888,0.009390106008073097,-1.551517206871454,0.05679829279927446,-1.7759241734761615,0.07915151700887187,-1.1279168503232238,kerberos_logons
U825@DOM1,14,70,0,70,0.0,1.0,10,9,2,0,60,3,20,1,22.58277777777778,1,-0.0374520977667331,-1,-1.5592388515877822,0.012615719408943866,0.012967268387288471,-1.1785712941912128,-1.2024291690754876,-0.20894180381236335,0.008616732820648341,-1.5256664559426087,-0.5993196675876955,-1.2874465177516499,-0.792894404370762,-1.031653610483613,total_logons
U8601@DOM1,12,90,0,90,0.0,1.0,19,12,4,0,55,3,29,0,22.06583333333333,1,-0.0649334120593926,-1,-1.654527904870772,0.011565704558638945,0.011823524814041928,-1.3861668589292435,-1.257096050424946,-1.2495368213129359,0.0098636274712064,-1.3338364616809815,-0.6397035617137761,-1.4685888055457677,0.058350314866055124,-0.986468515330739,total_logons
U8601@DOM1,13,60,0,60,0.0,1.0,12,12,2,0,50,2,23,0,22.706666666666667,1,-0.0263999566636732,-1,-1.6843929687020465,0.013395943874254503,0.014002867066507755,-1.4779450898716942,-1.5634948452016977,-0.24115704228532892,0.00914714460999141,-1.5546551699905236,0.060676548153180916,-1.587640130565145,0.08009984375967302,-1.2003741972348796,total_logons
U86@DOM1,12,74,0,74,0.0,1.0,10,7,2,0,59,3,25,4,23.78333333333333,1,-0.0516089061255455,-1,-1.5301472826408458,0.012109351157633142,0.012421594950865396,-1.1114807914207228,-0.86811557133192,-0.22166883586629949,0.008320112884201808,-1.4667813979968383,-0.5726809648347121,-1.3824365186682401,-1.4718401348727164,-1.0362967158069025,total_logons
U86@DOM1,13,63,1,62,0.0158730158730158,0.984126984126984,14,10,2,0,45,3,17,3,21.878888888888888,1,-0.0668149452518283,-1,-1.2945070499481683,-0.9353745804865751,-0.15214231653936625,-1.2744948063199633,-1.1609644760807298,-0.192536468248175,0.007629449221658751,-1.1691304020505404,-0.5292518189773053,-1.067806820623341,-1.2509772504803223,-0.9005218720532302,total_logons
U86@DOM1,14,63,0,63,0.0,1.0,13,10,3,1,43,3,22,1,21.47777777777777,1,-0.0625956656219171,-1,-1.287568070394375,0.011656741401848731,0.011049197176279328,-1.2847169135857388,-1.1658470434924602,-1.1214380135549198,-0.5328403472871119,-1.1605064469244104,-0.5360953693439237,-1.1715006804820727,-0.7173347881746212,-0.8846327569083526,total_logons
U8777@DOM1,12,66,0,66,0.0,1.0,13,7,3,0,45,3,13,9,10.12111111111111,1,-0.0403017235045567,-1,-1.374908699898006,0.012638201544101935,0.01252334376527475,-1.309494264386488,-0.8286752960588961,-1.1990237681104088,0.010386747855350853,-1.1953143801555708,-0.533899857148177,-0.9228496259249253,-1.6030705970380772,-0.4763755410697665,ntlm_logons
U8777@DOM1,13,77,1,76,0.0129870129870129,0.987012987012987,16,17,2,0,62,3,26,2,21.68805555555556,1,-0.084704759799826,-1,-1.3771840294396986,-0.9113796005970992,-0.13926041593692662,-1.2114088271279873,-1.326612817599919,-0.20759334087685619,0.007470216044250694,-1.3479586772283962,-0.5289373984438301,-1.3023664977747227,-1.0752780935196837,-0.8352935837379185,total_logons
U8777@DOM1,14,57,0,57,0.0,1.0,9,8,2,0,49,3,23,4,15.251944444444444,1,-0.0313405882644013,-1,-1.3995299195991786,0.012573168874565109,0.012766031554188841,-1.0740405399330897,-1.0725825796369692,-0.196959424637902,0.008604494990173728,-1.3705413105732285,-0.5736934931977055,-1.301640066101194,-1.5485925634481508,-0.7272832695610787,ntlm_logons
U890@DOM1,12,57,0,57,0.0,1.0,3,4,2,0,56,3,23,12,8.259444444444444,0,-0.0010420590638954,-1,-1.6174811691468214,0.014110811765296626,0.014374667319491339,-0.012451693179642195,-0.4914933893812628,-0.22065776668739628,0.009349907615899152,-1.7000460679976543,-0.6856767378711618,-1.5150454801653148,-2.1034732136223537,-0.30725600356313315,ntlm_logons
U8946@DOM1,12,54,0,54,0.0,1.0,12,9,2,0,47,2,20,0,22.309166666666663,1,-0.0097047712601741,-1,-1.6033038119116192,0.013675413711693283,0.014430399859247286,-1.539801905118601,-1.3637659963170432,-0.237476780433425,0.009539514674079198,-1.5576231903969089,0.07098494983151205,-1.5232367903805004,0.08113674605486737,-1.1588193456073999,total_logons
U8946@DOM1,13,64,0,64,0.0,1.0,9,7,2,0,55,2,29,0,23.4125,1,-0.0152005176528101,-1,-1.7328689676316391,0.013560240822703002,0.014134336259989206,-1.2771178517150295,-1.0973508094499678,-0.2552119475455317,0.009516644214651069,-1.6105907511935784,0.06429952077072779,-1.8879067693296447,0.07892157786933993,-1.2257905127763098,kerberos_logons
U8946@DOM1,14,82,0,82,0.0,1.0,18,13,5,0,51,2,23,0,23.31083333333333,1,-0.057947674890236,-1,-1.7192191134880281,0.012369973536262673,0.012554427705815123,-1.51083588961097,-1.4065148627643667,-1.3652438521444106,0.009503319066435745,-1.379603790358996,0.03427286594661142,-1.4172976748238748,0.07343139461671172,-1.0942198639199816,total_logons
U8@DOM1,12,61,0,61,0.0,1.0,9,11,2,0,59,2,28,0,8.554444444444444,0,-0.0095223219654865,-1,-1.7426343140363536,0.014286627980986335,0.014509091111570628,-1.3351926467440216,-1.615929635538001,-0.23508113028401725,0.009733726584945226,-1.7978230354048388,0.08568414622446899,-1.905332696513545,0.08208459506776175,-0.364827888283597,kerberos_logons
U9263@DOM1,12,80,0,80,0.0,1.0,14,9,2,0,71,3,36,1,16.046388888888888,1,-0.0500073605166808,-1,-1.6118848893082593,0.012188338717735232,0.012471710986108208,-1.3945560398393482,-1.1465300004646752,-0.21837886976958357,0.008589349968435647,-1.6232716554785955,-0.5610786504241664,-1.534845805458545,-0.7827509460455071,-0.7575127355421613,network_logons
U9263@DOM1,13,71,0,71,0.0,1.0,16,15,2,0,55,2,25,0,19.046388888888888,1,-0.0410957698768005,-1,-1.8404514475042273,0.012335184739744333,0.013500828398125542,-1.5710000742918637,-1.7030992037830486,-0.2600944746536565,0.008867368098366137,-1.5771558609269534,0.05890631776101577,-1.6510323532490736,0.0771414999401581,-0.9915763570971842,total_logons
U9263@DOM1,14,49,0,49,0.0,1.0,14,9,2,0,39,3,22,1,22.77083333333333,1,-0.0251980791582779,-1,-1.3400403090278923,0.012734051960424798,0.013017253680658331,-1.4648140449697504,-1.184041487584411,-0.1918670092340056,0.008527187999248616,-1.2346486772360317,-0.5876588443060419,-1.2935093869915684,-0.7901850753344585,-1.0557694552966028,unique_destinations
U9407@DOM1,12,78,0,78,0.0,1.0,13,10,3,0,56,2,20,0,23.364166666666662,1,-0.0488866693225779,-1,-1.653620696018395,0.012502549854600326,0.013008076462049083,-1.4749303407711543,-1.3402896384939602,-1.3438415932613372,0.010603809070691726,-1.4114949291017502,0.034759738135937475,-1.3898095155638623,0.07359523471835232,-1.1062857612699672,total_logons
U9407@DOM1,13,62,1,61,0.0161290322580645,0.9838709677419356,10,9,2,0,58,3,27,2,23.835555555555555,1,-0.066061251916674,-1,-1.2661063020366972,-0.9566019648360112,-0.14913691168848173,-1.023790236221816,-1.021415072858215,-0.1975143466217148,0.0075003103525414115,-1.3097643076889518,-0.527681641938792,-1.351853190111684,-1.1040084446171918,-1.005393520881915,kerberos_logons
U9407@DOM1,14,60,0,60,0.0,1.0,11,10,2,0,46,2,23,0,18.476388888888888,1,-0.0163610014199009,-1,-1.6981894214120015,0.013544851808123337,0.014332425809657032,-1.4067593978757034,-1.5287054464562777,-0.23356480210572303,0.009245590087343353,-1.5731188260519762,0.07479099718625393,-1.6169664543584863,0.08133790377195112,-1.0659247628779367,total_logons
U94@DOM1,12,157,0,157,0.0,1.0,3,3,3,0,95,3,0,49,8.57611111111111,0,-0.0432949311479493,-1,-2.2192083152846824,0.013953444692491082,0.013374569475760207,-0.032058174771835105,-0.11410066614879012,-1.4874365630509827,0.009442409334613117,-1.978788261572588,-0.7267767333628086,-0.029950054803696204,-2.481087840271157,-0.4341275680387512,ntlm_logons
